may,country,city,jan,feb,mar,apr,jun,jul,aug,sep,oct,nov,dec
27,Ivory Coast,Gagnoa,26,27,27,27,26,25,25,25,26,26,26
26,Ivory Coast,Bouaké,27,28,28,27,25,24,24,24,25,26,26
27,Ivory Coast,Abidjan,27,28,28,28,26,25,24,25,26,27,27
27,Ivory Coast,Odienné,25,27,28,28,26,25,25,25,25,25,23
27,Benin,Cotonou,27,28,28,28,26,26,25,26,26,27,27
27,Benin,Parakou,26,28,29,29,26,25,25,25,26,26,26
30,Benin,Kandi,25,27,31,32,28,26,26,26,27,26,25
27,Togo,Lomé,27,28,28,28,26,25,25,26,26,27,27
30,Togo,Mango,27,30,31,31,27,26,26,26,27,28,27
28.4,Ghana,Accra,28.8,29.4,29.6,29.5,26.8,26.3,25.9,26.8,26.2,25.7,28.1
30,Ghana,Tamale,28,31,32,31,27,26,26,26,28,29,28
26,Ghana,Kumasi,26,27,27,27,26,24,24,24,25,26,25
30.7,Cameroon,Garoua,26,28.9,32.2,33,28.2,26.6,26.4,26.7,28.1,27.3,26
23.1,Cameroon,Ngaoundéré,20.5,22.2,24.1,24.1,22.1,21.5,22.5,21.7,22.1,20.9,20.4
26,Cameroon,Douala,27,27,27,27,26,25,25,25,25,26,27
23,Cameroon,Yaoundé,24,24,24,23,22,22,22,22,22,23,23
26.7,Gabon,Libreville,26.8,27,27.1,26.6,25.4,24.3,24.3,25.4,25.7,25.9,26.2
26.6,Gabon,Port-Gentil,26.9,27.3,27.3,27.1,24.4,23.5,24.7,25.4,25.9,26.1,26.5
30.9,Nigeria,Lagos,32.2,33.2,32.9,32.2,29.3,28.2,28.3,28.9,30.3,31.4,31.8
26.6,Nigeria,Makurdi,26.9,27.3,27.3,27.1,24.4,23.5,24.7,25.4,25.9,26.1,26.5
28.2,Nigeria,Jos,27.3,28.7,30.4,30.2,26.6,24.4,24.3,26.1,27.8,28,27.2
30.9,Nigeria,Kano,21.2,24.4,28.7,31.3,28.2,26.2,25.5,26.6,27.3,24.6,21.6
32,Nigeria,Sokoto,25,26,30,32,31,28,27,28,28,27,25
29.3,Sudan,Port Sudan,23.3,23,24.3,26.5,32.2,34.1,34.5,32.1,29.3,27.3,24.7
34.5,Sudan,Khartoum,23.2,25,28.7,31.9,34.3,32.1,31.5,32.5,32.4,28.1,24.5
17.6,Eritrea,Asmara,13.8,14.9,16.3,17,17.6,16.3,16.1,15.7,14.9,14,13.2
31,Burkina Faso,Ouagadougou,24,27,30,32,29,27,26,26,28,27,25
33,Burkina Faso,Ouahigouya,24,27,30,33,31,28,27,28,30,28,25
33,Niger,Niamey,24,27,31,33,31,28,28,29,31,28,25
32,Chad,N'Djamena,23,26,30,33,31,28,27,28,29,27,24
33,Chad,Abéché,26,28,31,32,31,28,26,28,29,28,26
26,The Gambia,Banjul,23,25,25,25,27,27,27,27,27,26,24
22,Senegal,Dakar,21,21,21,21,25,27,27,27,27,26,23
24,Senegal,Thiès,21,21,21,22,26,27,27,27,27,26,23
28,Somalia,Mogadishu,27,27,28,29,27,26,26,26,27,28,27
28.4,Somalia,Buloburde,27.2,27.8,29,29.2,27.4,26.7,26.7,27.5,27.7,27.4,27.2
30.9,Djibouti,Djibouti,25.1,25.8,27.1,28.8,33.9,35.9,35.4,32.8,29.3,27,25.5
33,Mali,Ségou,24,27,30,33,30,28,27,27,29,27,25
33,Mali,Timbuktu,21,23,27,31,34,32,31,31,30,26,21
31,Mali,Bamako,25,28,31,32,28,26,26,26,27,27,25
17,Algeria,Algiers,11,12,12,14,21,25,25,23,19,15,12
25,Algeria,Tamanrasset,11,13,16,21,28,28,27,25,22,17,13
19.3,Tunisia,Tunis,11.5,12,13.2,15.6,23.2,26.3,26.8,24.4,20.4,15.9,12.5
20.8,Tunisia,Gabès,12,13.3,15.1,17.7,24,26.6,27.4,25.6,21.7,16.8,13
17.4,Morocco,Rabat,12.6,13.1,14.2,15.2,19.8,22.2,22.4,21.5,19,15.9,13.2
20.6,Morocco,Marrakesh,12.2,13.8,15.8,17.3,23.8,28.3,28.3,25.3,21.1,16.3,12.6
21.7,Morocco,Ouarzazate,9.3,11.9,14.8,17.6,25.9,29.5,28.8,24.6,19.4,13.7,9.5
24.5,Egypt,Cairo,13.6,14.9,16.9,21.2,27.3,27.6,27.4,26,23.3,18.9,15
21.2,Egypt,Alexandria,13.4,13.9,15.7,18.5,24.3,25.9,26.3,25.1,22,18.7,14.9
32.2,Egypt,Helwan,18.5,20.4,23.4,28.5,34.3,35,34.6,32.6,29.3,24.5,19.5
22,Libya,Tripoli,12,13,15,18,26,27,28,27,23,17,13
22.5,Libya,Benghazi,12.5,13.2,14.9,18.7,25.5,25.9,26.5,25.1,22.1,18.2,14.1
26.2,Kenya,Mombasa,27.6,28.1,28.3,27.6,24.8,24,24,24.7,25.7,26.9,27.4
17.8,Kenya,Nairobi,18,18.8,19.4,19.2,16.3,15.6,15.9,17.3,18.5,18.4,18.1
29.6,Kenya,Garissa,29.7,30.6,31.4,30.7,27.9,27.4,27.6,28.4,29.7,29.9,29.2
29.7,Kenya,Lodwar,28.7,29.6,30.1,29.6,29.1,28.4,28.7,29.6,30.1,29.1,28.5
27,Angola,Luanda,26.7,28.5,28.6,28.2,23.9,22.1,22.1,23.5,25.2,26.7,26.9
27.9,South Sudan,Juba,28.3,29.5,29.9,29.2,26.9,25.9,26.1,26.8,27.5,27.6,27.7
29.3,South Sudan,Wau,26.8,28.5,30.4,30.6,27.5,26.3,26.2,26.8,27.4,27.4,26.5
25.5,Tanzania,Dar es Salaam,27.4,27.7,27.4,26.5,24.2,23.5,23.7,24.3,25.3,26.3,27.3
25,Tanzania,Zanzibar City,28,28,28,27,25,24,25,25,26,27,27
22,Tanzania,Tabora,22,22,22,22,21,21,22,24,25,24,22
22.1,Tanzania,Dodoma,23.8,23,23.5,22.8,21.4,19.8,20.5,22.3,23.8,25.1,24.6
23.5,Ethiopia,Mek'ele,19.5,20.5,21.5,22.5,23.5,20.5,20,21.5,20.5,19.5,18.5
18,Ethiopia,Addis Ababa,16,17,17,17,17,15,16,16,16,15,15
26,Congo,Brazzaville,26,26,27,26,23,22,23,25,26,26,26
26.8,Congo,Pointe-Noire,27.5,27.6,27.9,27.8,24.5,23.1,23.3,24.5,26.3,26.7,26.9
25,Congo,Dolisie,25,26,26,26,23,21,22,23,25,25,25
28,Guinea-Bissau,Bissau,26,27,28,28,28,27,26,27,28,27,26
26,Democratic Republic of the Congo,Kinshasa,26,26,27,27,24,23,24,26,26,26,26
18,Democratic Republic of the Congo,Lubumbashi,21,21,21,20,16,16,17,21,23,23,21
21,Mauritania,Nouadhibou,19,20,21,20,22,23,24,25,23,22,20
26,Mauritania,Nouakchott,21,23,25,25,28,27,28,30,29,26,22
14.7,South Africa,Pretoria,22.6,22.1,21,17.9,11.5,11.9,14.7,18.6,20.1,21,21.9
14.4,South Africa,Cape Town,20.4,20.4,19.2,16.9,12.5,11.9,12.4,13.7,15.6,17.9,19.5
12.6,South Africa,Johannesburg,19.5,19,18,15.3,9.6,10,12.5,15.9,17.1,17.9,19
10.7,South Africa,Bloemfontein,22.8,21.4,19.2,14.9,6.9,7.2,10.1,14.6,17.5,19.9,21.9
15.7,South Africa,Upington,27.8,26.9,24.7,20.2,12.1,11.9,14,18.1,21.4,24.7,26.9
19.1,South Africa,Durban,24.1,24.3,23.7,21.6,16.6,16.5,17.7,19.2,20.1,21.4,23.1
18,Botswana,Maun,25,24,24,22,15,15,18,22,26,26,25
17,Botswana,Gaborone,26,25,24,21,13,13,17,21,23,25,25
17.6,Botswana,Ghanzi,25.9,25.3,24.1,21.2,14.3,14.1,17.1,21.5,24.6,25.7,26.1
18.6,Zambia,Ndola,20.8,20.8,21,20.5,16.5,16.7,19.2,22.5,23.7,22.5,21
17.4,Zambia,Lusaka,21.5,21.5,21.1,19.9,15.2,14.9,17.3,21.3,23.5,23.4,21.7
18.9,Zambia,Livingstone,23.6,23.2,23.1,21.9,16,16.1,19.3,23.9,26.2,25.1,23.6
16.1,Zimbabwe,Harare,21,20.7,20.3,18.8,13.7,13.4,15.5,18.6,20.8,21.2,20.9
16,Zimbabwe,Bulawayo,21.8,21.2,20.6,18.7,13.7,13.8,16.4,19.9,21.6,21.7,21.4
23.6,Malawi,Karonga,24.9,25,24.7,24.6,22.2,21.7,22.4,24.3,26.4,27,25.7
20,Malawi,Blantyre,24,23,22,22,18,17,19,22,25,25,24
16.4,Malawi,Mzuzu,19.9,20,19.5,18.7,13.9,13.1,14,16.7,19.4,20.5,20.1
16.7,Madagascar,Fianarantsoa,20.8,20.8,20,18.9,14.5,14,14.4,16.2,18.3,19.7,20.4
22.9,Madagascar,Toamasina,26,26.1,25.5,24.6,21.1,20.4,20.5,21.3,22.7,24.3,25.5
16.8,Madagascar,Antananarivo,20.5,20.7,20.1,19.2,14.6,14.1,14.5,16.3,18.5,19.7,20.2
26,Madagascar,Antsiranana,27,26,27,27,25,24,24,25,26,27,27
26.1,Madagascar,Mahajanga,27.1,27.2,27.5,27.4,24.6,24.2,24.6,25.4,26.8,27.7,27.4
22.7,Madagascar,Toliara,27.5,27.5,26.8,25,20.7,20.3,21,22.3,23.9,25.3,26.6
22,Mozambique,Maputo,27,27,26,24,20,19,21,22,23,24,26
26,Central African Republic,Bangui,24,26,28,27,26,25,25,25,25,25,25
30,Central African Republic,Birao,23,25,29,30,27,25,25,26,26,24,22
20,Uganda,Kampala,22,22,22,21,20,20,20,20,21,21,21
21,Uganda,Entebbe,21,22,22,21,21,20,20,21,21,21,21
25,Burundi,Bujumbura,25,25,24,25,24,24,25,25,25,24,24
27.5,Guinea,Conakry,26.1,26.5,27,27.4,26.5,25.5,25.2,25.6,26.3,27,26.6
28.3,Guinea,Kankan,24.3,26.3,29.6,30.1,26.4,25.3,25.1,25.5,26.4,27,23.8
28,Guinea-Bissau,Bissau,26,27,28,28,28,27,26,27,28,27,26
25,Equatorial Guinea,Bata,26,25,25,26,25,24,24,24,24,24,25
25,Equatorial Guinea,Malabo,24,25,25,26,24,24,24,25,25,25,25
18.5,Azerbaijan,Baku,4.4,4.2,7,12.9,23.5,26.4,26.3,22.5,16.6,11.2,7.3
28.7,Bangladesh,Dhaka,19.1,21.8,26.5,28.7,29.1,28.8,29,28.8,27.7,24.4,20.3
20.8,China,Beijing,-3.1,0.3,6.7,14.8,24.9,26.7,25.5,20.8,13.7,5,-0.9
22.8,China,Chongqing,8,10.1,14,18.8,25.3,28.5,28.6,24.3,18.7,14.3,9.3
11.9,China,Lhasa,-2.1,1.1,4.6,8.1,15.5,15.3,14.5,12.8,8.1,2.2,-1.7
20.3,China,Shanghai,4.6,6.1,9.6,15.1,24.1,28.4,28.1,24.4,19.3,13.4,7.1
17,China,Ürümqi,-12.1,-9.3,-0.5,10.4,21.8,23.9,22.7,17,8.4,-1.5,-9.4
16,Georgia,Batumi,6,7,8,12,20,22,22,20,16,12,8
17.4,Georgia,Tbilisi,1.2,2.7,6.6,12.2,21.3,24.5,24.1,19.6,13.7,7.8,3.2
25.9,Hong Kong,Hong Kong,16.3,16.8,19.1,22.6,27.9,28.8,28.6,27.7,25.5,21.8,17.9
32.8,India,New Delhi,13.8,16.5,22.1,28.7,34,30.9,29.7,29,26.1,20.5,15.3
31.3,India,Kolkata,20.1,22.8,27.6,30.5,30.4,29.1,28.8,28.8,27.5,23.7,20.3
29.9,India,Mumbai,23.7,24.5,26.8,28.4,29.2,27.6,27.2,27.3,28.3,27.2,25.2
27.2,Indonesia,Jakarta,26.1,26.1,26.4,27,26.7,26.4,26.7,27,27.2,27,26.4
28.3,Iraq,Baghdad,9.7,12,16.6,22.6,32.3,34.8,34,30.5,24.7,16.5,11.2
23.6,Iraq,Erbil,6.2,8.1,12.2,17.4,28.9,32.9,32.1,28.2,21.4,14.1,8.3
21,Iran,Tehran,1,5,10,17,27,31,29,26,18,11,5
31.1,Iran,Ahvaz,12.3,14.7,19,24.9,35.2,37.3,36.7,33,27.3,19.8,14
16.7,Iran,Tabriz,-1.7,0.5,5.6,11.5,22.1,26,25.9,21.4,14.5,7.1,1.2
21,Israel,Tel Aviv,12,13,15,18,23,26,26,25,22,18,13
12.4,Japan,Sapporo,-3.6,-3.1,0.6,7.1,16.7,20.5,22.3,18.1,11.8,4.9,-0.9
18.2,Japan,Tokyo,5.2,5.7,8.7,13.9,21.4,25,26.4,22.8,17.5,12.1,7.6
24,Japan,Naha,17,17.1,18.9,21.4,26.8,28.9,28.7,27.6,25.2,22.1,18.7
16.6,Kazakhstan,Almaty,-4.7,-3,3.4,11.5,21.6,23.8,23,17.6,9.9,2.7,-2.8
13.9,Kazakhstan,Astana,-14.2,-14.1,-7.1,5.2,19.5,20.8,18.8,12.3,4.6,-5.4,-12.1
10.1,Mongolia,Ulaanbaatar,-21.6,-16.6,-7.4,2,15.7,18.2,16,9.6,0.5,-11.9,-19
23,South Korea,Seoul,1.5,4.7,10.4,17.8,27.1,28.6,29.6,25.8,19.8,11.6,4.3
34,Oman,Muscat,21,22,25,30,35,34,32,31,30,25,22
30,Pakistan,Karachi,18,21,25,28,31,30,28,29,28,24,20
31,Pakistan,Lahore,13,16,21,27,33,31,30,30,26,20,14
33,Philippines,Manila,30,31,32,33,32,31,30,31,30,30,30
-7.8,Russia,Dikson,-24.8,-25.4,-22.1,-17.2,0.4,4.9,5.5,1.6,-7.5,-17.5,-22.9
10.2,Russia,Irkutsk,-17.8,-14.4,-6.4,2.5,15.4,18.3,15.9,9.2,1.8,-7.6,-15.3
11.8,Russia,Novosibirsk,-16.5,-14.8,-7.6,2.3,17.1,19.4,16.6,10.2,3.1,-6.9,-14
-3.4,Russia,PetropavlovskKamchatsky,-7.6,-7.1,-4.6,-0.6,8.2,11.5,12.5,9.7,4.9,-1.3,-5.8
9.8,Russia,Vladivostok,-12.3,-8.4,-1.9,5.1,13.6,17.6,19.8,16,8.9,-0.9,-9.1
7.5,Russia,Yakutsk,-38.6,-33.8,-20.1,-4.8,16.4,19.5,15.2,6.1,-7.8,-27,-37.6
21,Saudi Arabia,Abha,13,14,16,18,23,23,22,21,18,15,13
32,Saudi Arabia,Riyadh,14,16,21,26,34,36,35,32,27,21,16
28,Singapore,Singapore,27,27,28,28,28,28,28,27,27,27,26
25,Taiwan,Taipei,16,16,18,21,27,29,29,27,24,20,17
29.9,Thailand,Bangkok,27,28.3,29.5,30.5,29.5,29,28.8,28.3,28.1,27.8,26.5
16.1,Turkey,Ankara,0.4,1.9,6,11.3,20.1,23.6,23.4,18.8,13,7,2.6
10.2,Turkey,Erzurum,-10.2,-8.7,-2.7,5.1,14.1,18.4,18.7,13.9,7.5,0.4,-6.7
20.8,Turkey,İzmir,8.9,9.5,11.7,15.9,25.6,28,27.7,23.7,18.8,14,10.6
29.9,United Arab Emirates,Dubai,18.7,19.3,22.3,26.1,32.2,34.4,34.4,32.1,28.7,24.3,20.6
20.5,Uzbekistan,Tashkent,1.9,3.9,9.4,15.5,25.8,27.8,26.2,20.6,13.9,8.5,3.5
22,Yemen,Sana'a,16,18,20,20,23,24,23,22,18,16,15
27,Vietnam,Hanoi,17,17,20,24,29,29,28,27,25,21,18
15.7,Austria,Vienna,0.3,1.5,5.7,10.7,18.7,20.8,20.2,15.4,10.2,5.1,1.1
13.6,Belgium,Brussels,3.3,3.7,6.8,9.8,16.2,18.4,18,14.9,11.1,6.8,3.9
15.4,Bulgaria,Sofia,-0.5,1.1,5.4,10.6,18.9,21.2,21,16.5,11.3,5.1,0.7
15.8,Croatia,Zagreb,0.3,2.3,6.4,10.7,18.8,20.6,20.1,15.9,10.5,5,1.4
13.4,Czech Republic,Prague,-1.4,-0.4,3.6,8.4,16.1,18.2,17.8,13.5,8.5,3.1,-0.3
11.1,Denmark,Copenhagen,0.6,0.5,2.5,6.1,14.8,16.9,16.7,13.1,9.1,4.9,2.1
10.2,Finland,Helsinki,-3.9,-4.7,-1.3,3.9,14.6,17.8,16.3,11.5,6.6,1.6,-2
9.1,Finland,Kuopio,-9.2,-9.2,-4.1,2,14.5,17.5,15,9.7,4.1,-2,-6.7
7.8,Finland,Oulu,-9.6,-9.3,-4.8,1.4,13.5,16.5,14.1,8.9,3.3,-2.8,-7.1
17.9,France,Marseille,8.4,8.9,11.6,13.8,21.3,24.5,24.1,20.7,16.9,11.8,9.3
15.1,France,Paris,4.9,5.6,8.8,11.4,18.2,20.4,20.2,16.9,12.9,8.1,5.4
14.8,Germany,Berlin,0.6,2.3,5.1,10.2,17.9,20.3,19.7,15.3,10.5,6,1.3
13,Germany,Frankfurt,1,2,6,8,16,18,18,15,10,5,2
21,Greece,Athens,9.8,10.1,12.2,16,25.9,28.7,28.4,24.1,19.2,14.7,11.1
16.6,Hungary,Budapest,0.4,2.3,6.1,12,19.7,21.5,21.2,16.9,11.8,5.4,1.8
6.3,Iceland,Reykjavík,-0.5,0.4,0.5,2.9,9,10.6,10.3,7.4,4.4,1.1,-0.2
10.9,Ireland,Dublin,5.3,5.3,6.8,8.3,13.6,15.6,15.3,13.4,10.5,7.4,5.6
17,Italy,Milan,2.5,4.7,9,12.2,20.8,23.6,23,19.2,13.4,7.2,3.3
17.2,Italy,Rome,7.5,8.2,10.2,12.6,21.1,24.1,24.5,20.8,16.4,11.4,8.4
18.9,Malta,Valletta,12.8,12.8,13.3,15.6,22.8,26.1,26.7,23.9,21.1,17.2,13.9
12.9,Netherlands,Amsterdam,3.4,3.5,6.1,9.1,15.4,17.6,17.5,14.7,11,7.1,4
10.5,Norway,Bergen,1.5,1.6,3.3,5.9,13.5,14.5,14.4,11.5,8.7,4.7,2.6
10.8,Norway,Oslo,-4.3,-4,-0.2,4.5,15.2,16.4,15.2,10.8,6.3,0.7,-3.1
5.1,Norway,Tromsø,-3.8,-3.7,-2.3,0.7,9.2,11.8,10.9,6.9,3.2,-0.6,-2.7
14.2,Poland,Warsaw,-1.8,-0.6,2.8,8.7,17,19.2,18.3,13.5,8.5,3.3,-0.7
18,Portugal,Lisbon,11.6,12.7,14.9,15.9,21.2,23.1,23.5,22.1,18.8,15,12.4
16.8,Romania,Bucharest,-1.3,0.4,5.4,11.2,20.6,22.5,22,16.9,11,4.7,0.2
6.9,Russia,Arkhangelsk,-12.7,-11.4,-5.5,0.4,13,16.3,13.1,8.2,2.3,-5.1,-9.8
13.2,Russia,Moscow,-6.5,-6.7,-1,6.7,17,19.2,17,11.3,5.6,-1.2,-5.2
4,Russia,Murmansk,-10.1,-9.7,-5.5,-0.7,9.2,12.8,11.1,7,1.5,-4.8,-8.2
16.6,Russia,Rostov-on-Don,-3,-2.8,2.4,10.6,21,23.4,22.6,16.7,10,2.9,-1.6
16,Russia,Sochi,6.1,6,8.2,12.1,20.2,23.2,23.6,20,15.8,11.1,8.1
18.1,Serbia,Belgrade,1.4,3.1,7.6,12.9,21,23,22.7,18,12.9,7.1,2.7
19.3,Spain,Barcelona,11.8,12.4,14.2,15.8,23,25.7,26.1,23,19.5,14.9,12.3
16.7,Spain,Madrid,6.3,7.9,11.2,12.9,22.2,25.6,25.1,20.9,15.1,9.9,6.9
10.7,Sweden,Stockholm,-2.8,-3,0.1,4.6,15.6,17.2,16.2,11.9,7.5,2.6,-1
13.3,Switzerland,Zürich,0.3,1.3,5.3,8.8,16.4,18.6,18,14.1,9.9,4.4,1.4
15.7,Turkey,Istanbul,5.7,5.7,7,11.1,20.4,22.9,23.1,19.8,15.6,11.5,8
15.5,Ukraine,Kiev,-3.5,-3,1.8,9.3,18.5,20.5,19.7,14.2,8.4,1.9,-2.3
10.8,United Kingdom,Edinburgh,4.2,4.5,6.2,8.1,13.5,15.3,15.2,13,9.8,6.7,4.2
12.1,United Kingdom,London,4.3,4.5,6.9,8.7,15.1,17.3,17,14.3,10.9,7.2,4.7
9.7,Canada,Calgary,-7.1,-5.4,-1.6,4.6,13.7,16.5,15.8,11,5.2,-2.4,-6.8
-1,Canada,Churchill,-26,-24.5,-18.9,-9.8,7,12.7,12.3,6.4,-1.2,-12.7,-21.9
11.5,Canada,Edmonton,-10.4,-7.6,-2.5,5.4,15.5,17.7,16.9,11.4,5.1,-4.1,-8.8
10.1,Canada,Halifax,-4.1,-3.6,-0.2,4.9,15.2,18.8,19.1,15.5,9.9,4.8,-0.8
-4.4,Canada,Iqaluit,-26.9,-27.5,-23.2,-14.2,3.6,8.2,7.1,2.6,-3.7,-12,-21.3
12.8,Canada,Kelowna,-2.5,-0.9,4.1,8.4,16.6,19.5,19.1,13.9,7.3,1.6,-2.6
10.7,Canada,Moncton,-8.2,-7,-2.3,4.2,16,19.5,19,14.5,8.3,2.5,-4.3
13.4,Canada,Montreal,-9.7,-7.7,-2,6.4,18.6,21.2,20.1,15.5,8.5,2.1,-5.4
13.5,Canada,Ottawa,-10.2,-7.9,-2.2,6.5,18.7,21.2,19.9,15.3,8.4,2,-5.6
11.8,Canada,Saskatoon,-13.9,-11.4,-4.9,5.2,16.1,19,18.2,12,4.4,-5.2,-12.4
6.4,Canada,St. John's,-4.5,-4.9,-2.6,1.9,10.9,15.8,16.1,12.4,7.4,3,-1.5
14.1,Canada,Toronto,-3.7,-2.6,1.4,7.9,19.4,22.3,21.5,17.2,10.7,4.9,-0.5
12.8,Canada,Vancouver,4.1,4.9,6.9,9.4,15.7,18,18,14.9,10.3,6.3,3.6
11.6,Canada,Winnipeg,-16.4,-13.2,-5.8,4.4,17,19.7,18.8,12.7,5,-4.9,-13.2
7.3,Canada,Whitehorse,-15.2,-12.7,-6.3,1,12.3,14.3,12.6,7.2,0.5,-9.4,-12.5
4.6,Canada,Yellowknife,-25.6,-22.9,-16.8,-5.3,13.3,17,14.2,7.2,-1.7,-13.7,-21.8
0.6,Greenland,Nuuk,-7.4,-7.8,-8,-3.8,3.9,6.5,6.1,3.5,-0.7,-3.7,-6.2
27,Honduras,La Ceiba,23,23,25,26,28,27,27,27,26,25,24
22,Mexico,Guadalajara,15,16,18,21,23,21,21,21,20,17,16
24.5,Mexico,La Paz,17.3,18.1,19.6,22.1,27,29.7,30.1,29.3,26.2,22,18.5
18,Mexico,Mexico City,12,14,16,18,17,17,17,16,15,14,12
26.2,Mexico,Monterrey,14.4,16.6,20,23.4,27.9,28.6,28.5,26.2,22.4,18.4,15.1
29.6,Mexico,Villahermosa,23.6,24.5,26.6,28.5,29.3,28.9,28.9,28.4,27.1,25.7,24.1
28,Nicaragua,Managua,26,27,28,28,27,27,27,27,26,26,26
28,Panama,Panama City,28,28,28,28,27,27,27,27,27,27,27
25,El Salvador,San Salvador,23,23,25,25,24,24,24,23,23,23,23
5.6,Saint Pierre and Miquelon,Saint-Pierre,-2.6,-3.2,-1.4,2,9.6,14.1,16.2,13.5,8.9,4.5,0.4
18.7,United States,Albuquerque,2.4,5.2,8.9,13.3,23.8,25.7,24.6,20.7,14.2,7.2,2.4
8.8,United States,Anchorage,-8.3,-6.6,-3,2.7,12.9,14.9,13.7,9.2,1.6,-5.4,-7.2
21.1,United States,Atlanta,6.3,8.4,12.3,16.4,25.2,26.9,26.3,22.9,17.1,12,7.3
24.8,United States,Austin,10.8,12.8,16.5,20.7,27.9,29.4,29.9,26.7,21.8,16.1,11.4
17.6,United States,Baltimore,0.8,2.4,6.8,12.4,22.8,25.3,24.3,20.2,13.7,8.3,2.9
15.1,United States,Boise,-0.4,2.5,6.9,10.4,19.7,24.3,23.7,18.3,11.6,4.4,-0.7
14.6,United States,Boston,-1.5,0,3.7,9.1,20,23.2,22.4,18.4,12.4,7.2,1.7
20.3,United States,Charlotte,5.1,7.2,11.3,15.8,24.7,26.4,25.8,22.2,16.3,11.1,6.3
16.5,United States,Chicago,-5.6,-2.9,5.4,12.6,21.8,25.3,24.8,18.4,13.3,5.3,-5.3
15.1,United States,Cleveland,-2.6,-1.2,3.2,9.5,20.3,22.7,21.8,17.9,11.8,6.2,-0.2
16.8,United States,Columbus,-1.6,0.2,5.3,11.5,21.8,23.8,23.1,19.1,12.6,6.7,0.6
23.3,United States,Dallas,7.7,9.9,14.2,18.6,27.4,29.7,29.8,25.6,19.8,13.7,8.4
14.2,United States,Denver,-0.3,0.8,4.8,8.9,19.7,23.4,22.3,17.3,10.4,3.8,-0.9
15.2,United States,Detroit,-3.7,-2.3,2.7,9.4,20.7,23,22.1,17.9,11.2,5.2,-1.2
23.3,United States,El Paso,7.3,10.1,13.7,18.2,27.7,28.2,27.3,24.1,18.4,11.7,7.2
9.9,United States,Fairbanks,-21.9,-18.3,-11.2,0.5,16,17.1,13.6,7.3,-4.2,-16.2,-19.8
21.2,United States,Fresno,8.3,11.1,13.7,16.7,25.1,28.3,27.5,24.6,18.9,12.4,8.2
25.6,United States,Honolulu,22.9,22.9,23.7,24.6,26.8,27.4,27.8,27.6,26.8,25.4,23.8
24.8,United States,Houston,11.5,13.3,16.9,20.7,27.7,28.9,29,26.3,21.7,16.6,12.3
17.2,United States,Indianapolis,-2.2,0.1,5.7,11.8,22.3,24.2,23.5,19.5,12.9,6.6,-0.1
23.4,United States,Jacksonville,11.7,13.6,16.5,19.4,26.7,27.9,27.6,25.7,21.3,16.8,12.9
18.1,United States,Kansas City,-1.8,0.8,6.8,12.7,23.1,25.7,25,20.1,13.5,6.4,-0.3
24.7,United States,Las Vegas,8.8,11.1,15,19.1,29.9,33.2,32.1,27.6,20.4,13.1,8.2
17.4,United States,Los Angeles,14.1,14.3,14.8,16,19,20.8,21.2,20.9,19.2,16.5,14.1
18.9,United States,Louisville,1.1,3.3,8.3,13.9,23.7,25.7,25.2,21.1,14.8,8.7,2.7
22.1,United States,Memphis,5.2,7.5,12.2,17.2,26.4,28.2,27.8,24,17.8,11.8,6.4
26.5,United States,Miami,19.9,21.1,22.4,24.2,28.1,28.8,28.9,28.2,26.4,23.7,21.2
13.3,United States,Milwaukee,-5.2,-3.2,1.9,7.8,19.2,22.3,21.7,17.4,10.9,4.1,-2.9
15.1,United States,Minneapolis,-9.1,-6.2,0.4,8.6,20.4,23.2,21.7,16.7,9.4,0.9,-6.8
20,United States,Nashville,3.4,5.7,10.3,15.3,24.6,26.6,26.2,22.2,16,10.2,4.9
24.6,United States,New Orleans,11.6,13.4,16.8,20.3,27.2,28.2,28.2,26.2,21.6,16.8,12.9
17.1,United States,New York City,0.6,2.1,6.1,11.9,22.1,24.9,24.3,20.2,14.1,8.9,3.3
20.6,United States,Oklahoma City,3.6,6.1,10.7,15.6,25.1,27.8,27.6,22.8,16.5,9.9,4.3
16.9,United States,Omaha,-4.6,-2.1,4.2,10.9,22.3,24.8,23.7,18.8,11.8,3.8,-3.3
17.7,United States,Philadelphia,0.5,2,6.4,12.2,22.9,25.6,24.7,20.6,14.2,8.7,3
27.8,United States,Phoenix,13.6,15.4,18.5,22.7,32.7,34.9,34.2,31.3,24.8,17.9,13.1
15.7,United States,Pittsburgh,-1.9,-0.4,4.3,10.6,20.5,22.7,22,17.9,11.6,6.2,0.3
14.6,United States,Portland (OR),5.2,6.6,8.9,11.3,17.6,20.7,20.9,18.1,12.7,8.1,4.7
19.7,United States,Raleigh,4.7,6.7,10.6,15.4,24.4,26.4,25.6,21.9,15.9,10.9,6.1
19.1,United States,Richmond,3.2,4.9,9.1,14.5,24,26.2,25.2,21.4,15.3,10.2,4.9
18.8,United States,Sacramento,8.1,10.6,12.7,15,22.1,24.2,23.8,22.1,17.9,11.9,8
15.5,United States,Salt Lake City,-1.3,1.3,6.6,10.4,21.1,26.1,25.1,19.1,11.8,4.6,-0.8
25,United States,San Antonio,11,13.1,16.8,20.8,28.1,29.3,29.7,26.6,21.8,16.2,11.6
18.1,United States,San Diego,14.2,14.7,15.5,16.8,19.4,21.4,22.2,21.7,19.6,16.6,13.9
14.7,United States,San Francisco,11.2,12.6,13.3,13.9,15.8,16.3,16.9,17.5,16.8,14.1,11.4
13.2,United States,Seattle,5.4,6.2,7.9,10.1,15.9,18.6,18.8,16.2,11.4,7.4,4.7
19.3,United States,St. Louis,-0.1,2.4,7.9,14.1,24.4,26.7,25.9,21.3,14.8,8.2,1.6
25.7,United States,Tampa,15.9,17.3,19.5,22.1,27.8,28.2,28.3,27.5,24.4,20.6,17.2
24.6,United States,Tucson,11.6,13.1,15.8,19.7,29.6,30.8,29.8,27.7,21.9,15.6,11.3
20.8,United States,Tulsa,3.3,5.8,10.8,16,25.4,28.4,28.1,22.9,16.7,10.3,4.3
19.4,United States,Virginia Beach,4.9,6.1,9.8,14.8,24.3,26.7,25.7,22.6,16.9,11.8,6.9
18.9,United States,"Washington, D.C.",2.3,3.9,8.3,13.8,24.1,26.6,25.7,21.7,15.3,9.8,4.3
18.9,United States,Wichita,0.1,2.9,8.1,13.4,24.3,27.3,26.7,21.7,14.6,7.4,0.9
13.5,Australia,Adelaide,23.2,23.3,20.9,17.6,12.1,11.4,12.4,14.4,16.7,19.7,21.3
15,Australia,Alice Springs,28,27,25,20,12,11,14,18,22,25,27
19.1,Australia,Brisbane,25.8,25.7,24.5,22.3,16.8,16,17,19.7,21.7,23.5,24.8
23,Australia,Cairns,27,27,26,25,21,21,22,23,25,26,27
9.4,Australia,Canberra,20.6,20.1,17.6,13.4,6.7,5.7,7,9.8,12.8,15.8,18.8
24.1,Australia,Dampier,31,31.3,30.9,28.6,20.9,19.8,21.2,23.7,26.2,28.3,30.2
27.1,Australia,Darwin,28.3,28.1,28.3,28.4,25.3,25,25.9,27.8,29.1,29.3,29
10.8,Australia,Hobart,16.8,16.9,15.6,13.2,8.6,8.2,9.2,10.8,12.4,14,15.6
12.7,Australia,Melbourne,20.1,20.2,18.6,15.6,10.5,9.8,10.9,12.7,14.7,16.6,18.6
16.5,Australia,Perth,24.5,24.9,23.1,19.7,14,13,13.5,14.8,17.3,20.3,22.7
15.5,Australia,Sydney,22.3,22.3,21.2,18.5,13.1,12.2,13.4,15.5,17.8,19.6,21.3
14,New Zealand,Auckland,19.1,19.7,18.4,16.1,11.8,10.9,11.3,12.7,14.2,15.7,17.8
9.8,New Zealand,Christchurch,17.5,17.2,15.5,12.7,7.1,6.6,7.9,10.3,12.2,14.1,16.1
9.3,New Zealand,Dunedin,15.3,15,13.7,11.7,7.3,6.6,7.7,9.5,10.9,12.4,13.9
11.9,New Zealand,Hamilton,18.4,18.8,17.1,14.5,9.5,8.9,9.8,11.6,13.2,14.9,16.9
5.9,New Zealand,Lake Tekapo,15.2,14.8,12.4,9.2,2.6,1.4,3.6,6.5,8.8,11.1,13.2
12.4,New Zealand,Napier,19.5,19.4,17.7,15,10,9.4,10.3,12.3,14.3,16.1,18.4
11.4,New Zealand,Palmerston North,17.8,18.3,16.4,13.6,9.1,8.6,9.2,11,12.4,13.8,16.2
13.2,New Zealand,Tauranga,19.4,19.6,18,15.5,10.8,10.2,10.7,12.3,13.9,15.8,18
11.7,New Zealand,Wellington,16.9,17.2,15.8,13.7,9.7,8.9,9.4,10.8,12,13.5,15.4
14.3,Argentina,Buenos Aires,25.1,23.7,21.4,17.7,11.2,10.9,12.7,14.2,17.7,20.6,23.2
9.7,Argentina,Comodoro Rivadavia,19.6,18.7,16.5,13.5,6.8,6.6,8.2,10.3,13.1,16.1,18.2
14.6,Argentina,Córdoba,23.4,22.3,20.9,17.5,11.4,10.8,13,15.1,18.4,20.5,22.8
12.6,Argentina,Mendoza,25.3,23.8,21.3,16.7,9,8.6,11.2,14.1,18.5,21.7,24.6
10.1,Argentina,Neuquén,23.3,22.1,19,14,7,6.4,8.7,11.6,15.5,19.1,22.2
17.9,Argentina,Resistencia,27,26.1,24.4,21.1,14.7,15,16.8,17.8,21.6,23.9,25.8
14,Argentina,Rosario,24.5,23.1,21.3,17.3,10.7,10.1,12,14.3,17.7,20.6,23.5
13,Argentina,Salta,21.3,20.3,19.3,16.6,9.9,10.5,12.7,14.5,18.9,20.6,21.1
12.2,Argentina,San Juan,27,25.7,22.4,17.5,7.8,7.8,10.8,14,19.7,23.5,26.4
15.5,Argentina,San Miguel de Tucumán,25.3,24.2,22.2,19.1,12.2,12.1,14.7,17.1,21.6,23.2,24.9
17,Argentina,Santiago del Estero,27,25.6,24.1,20.1,13.4,12.9,15.5,18.4,22.5,24.5,26.8
10.5,Argentina,Bahía Blanca,23.3,22.5,18.7,14.6,7.8,7.3,9.2,11.1,14.5,18.9,22.3
5,Argentina,Bariloche,14.3,14,11.3,7.7,2.6,2.1,3,4.7,7.5,10.6,12.9
4.2,Argentina,Río Gallegos,14.1,13.6,11.1,7.6,1.8,1.2,3.3,5.8,8.8,11.7,13.3
3.1,Argentina,Ushuaia,10.3,9.5,7.6,5.7,1.7,1.6,2.4,4.3,6.5,8.3,9.1
9.8,Argentina,Viedma,22.2,21,17.6,13.6,7,6.6,8.3,10.7,14.1,18.3,20.9
25.8,Brazil,Belém,25.6,25.4,25.5,25.6,26,25.7,26,26,26.4,26.5,26.2
19.6,Brazil,Belo Horizonte,22.8,23,22.9,21.7,18.5,18,19.7,21.1,21.7,22.2,22.2
19.6,Brazil,Brasília,21.2,21.3,21.5,20.9,18.5,18.3,20.3,21.7,21.6,21.1,21
11.9,Brazil,Campos do Jordão,17.3,17.5,16.7,14.7,10.1,9.5,11.3,13.4,14.9,15.9,16.6
14.5,Brazil,Curitiba,20.4,20.6,19.6,17.2,13.1,12.9,14.1,15,16.5,18.2,19.3
26.2,Brazil,Fortaleza,27.1,26.9,26.4,26.2,25.8,25.6,26,26.4,26.9,27.2,27.3
22.2,Brazil,Goiânia,23.8,23.8,24,23.6,20.9,20.9,23,24.5,24.6,24.1,23.5
26.2,Brazil,Manaus,26.1,25.9,26,26.2,26.4,26.5,27.3,27.7,27.7,27.2,26.6
16.9,Brazil,Porto Alegre,24.6,24.6,23.1,19.9,14.3,14.4,15.2,16.8,19.1,21.2,23.3
25.2,Brazil,Recife,26.5,26.5,26.4,25.9,24.5,23.9,23.9,24.6,25.5,26.1,26.4
22.8,Brazil,Rio de Janeiro,26.3,26.6,26,24.4,21.8,21.3,21.8,22.2,22.9,24,25.3
25.2,Brazil,Salvador,26.4,26.5,26.6,26.2,24.3,23.7,23.6,24.3,25.1,25.5,25.9
11.4,Brazil,São Joaquim,16.8,17.1,15.9,13.2,9.7,9.8,10.7,12,12.8,14.4,16
17.4,Brazil,São Paulo,22.1,22.4,21.8,19.7,16.3,15.8,17.1,17.9,19,20.2,21.1
